{"cameraMode":{"drawMode":0,"name":"Shaded","section":"Shading Mode"},"sceneLighting":false,"audioPlay":false,"sceneViewState":{"m_AlwaysRefresh":false,"showFog":true,"showSkybox":false,"showFlares":true,"showImageEffects":true,"showParticleSystems":true,"showVisualEffectGraphs":true,"m_FxEnabled":true},"in2DMode":false,"pivot":{"x":0.008497089147567749,"y":0.5903304219245911,"z":-0.07164061069488526},"rotation":{"x":0.2693672776222229,"y":0.5009317398071289,"z":-0.16756582260131837,"w":0.8052548170089722},"size":0.803887128829956,"orthographic":false}